model,year,price,transmission,mileage,fuelType,tax,mpg,engineSize
 I20,2017,7999,Manual,17307,Petrol,145,58.9,1.2
 Tucson,2016,14499,Automatic,25233,Diesel,235,43.5,2.0
 Tucson,2016,11399,Manual,37877,Diesel,30,61.7,1.7
 I10,2016,6499,Manual,23789,Petrol,20,60.1,1.0
 IX35,2015,10199,Manual,33177,Diesel,160,51.4,2.0
 I10,2015,6149,Manual,41650,Petrol,20,60.1,1.0
 I20,2015,6799,Manual,39547,Petrol,30,55.4,1.2
 Tucson,2016,14199,Automatic,30300,Diesel,125,57.6,1.7
 I30,2018,10399,Automatic,38082,Petrol,145,51.4,1.4
 Tucson,2016,12163,Manual,21014,Diesel,30,61.7,1.7
 Tucson,2017,13200,Manual,22888,Diesel,150,61.7,1.7
 I30,2017,10000,Manual,20000,Petrol,150,56.5,1.0
 I20,2015,6900,Manual,26413,Petrol,30,55.4,1.2
 Tucson,2019,17750,Manual,10000,Petrol,150,34.9,1.6
 Tucson,2017,14600,Semi-Auto,18626,Diesel,125,57.6,1.7
 I40,2015,8700,Manual,31979,Diesel,30,65.7,1.7
 Tucson,2017,13000,Manual,26685,Diesel,30,61.7,1.7
 I10,2018,7100,Manual,35000,Petrol,145,60.1,1.0
 I10,2016,7500,Manual,6000,Petrol,20,57.6,1.2
 Tucson,2017,12000,Manual,17059,Diesel,30,61.7,1.7
 Tucson,2017,11695,Manual,49174,Petrol,145,44.8,1.6
 I20,2015,7995,Manual,6413,Petrol,30,55.4,1.2
 Tucson,2015,10700,Manual,34177,Diesel,30,61.7,1.7
 I10,2016,8100,Manual,7447,Petrol,30,57.6,1.2
 IX35,2013,8200,Manual,34500,Diesel,145,53.3,1.7
 I10,2016,6600,Manual,16751,Petrol,30,57.6,1.2
 Tucson,2018,13900,Manual,16265,Petrol,150,44.8,1.6
 Tucson,2018,13700,Manual,19087,Petrol,145,44.8,1.6
 I30,2017,8300,Manual,38206,Diesel,145,78.4,1.6
 Tucson,2016,15800,Automatic,20025,Diesel,125,57.6,1.7
 Ioniq,2018,15000,Automatic,32227,Hybrid,135,78.5,1.6
 Tucson,2015,15200,Automatic,28904,Diesel,200,46.3,0.0
 I10,2014,7700,Automatic,8646,Petrol,160,45.6,0.0
 I30,2017,10500,Automatic,17663,Diesel,20,72.4,0.0
 I20,2017,11400,Automatic,12661,Petrol,145,44.1,0.0
 Kona,2018,12995,Manual,7359,Petrol,145,52.3,1.0
 Tucson,2019,18000,Manual,4353,Petrol,145,35.3,1.6
 I10,2018,9000,Manual,7126,Petrol,145,60.1,0.0
 Veloster,2014,8300,Manual,36324,Petrol,160,43.5,1.6
 I10,2018,8500,Manual,12948,Petrol,145,60.1,0.0
 I30,2019,14500,Manual,2481,Petrol,145,41.5,0.0
 Tucson,2016,13800,Manual,27311,Diesel,30,61.7,0.0
 I30,2016,9000,Manual,34443,Diesel,0,78.4,0.0
 Tucson,2017,13800,Manual,16961,Diesel,30,61.7,0.0
 Tucson,2017,14100,Manual,5067,Petrol,145,44.8,1.6
 I10,2013,5000,Manual,45230,Petrol,20,61.4,0.0
 I10,2018,10300,Manual,6349,Petrol,145,57.6,0.0
 I40,2015,11500,Manual,13268,Diesel,30,65.7,0.0
 I30,2016,9000,Manual,29610,Diesel,0,78.4,0.0
 IX35,2015,11400,Manual,23041,Diesel,165,51.4,0.0
 I20,2017,10000,Manual,21821,Petrol,145,61.4,0.0
 I10,2018,7800,Manual,17397,Petrol,150,60.1,0.0
 I10,2016,6300,Manual,31854,Petrol,20,60.1,0.0
 Tucson,2016,11300,Manual,37993,Diesel,30,61.7,0.0
 I800,2018,15500,Manual,30305,Diesel,145,31.7,0.0
 I20,2018,11700,Manual,3920,Petrol,150,46.3,0.0
 Tucson,2017,16800,Manual,21875,Petrol,145,38.7,1.6
 I10,2016,6500,Manual,27465,Petrol,20,60.1,1.0
 I10,2019,8600,Manual,4920,Petrol,145,60.1,1.0
 I30,2016,9400,Manual,18577,Petrol,145,48.7,1.4
 IX20,2013,6000,Manual,42320,Petrol,145,45.6,1.4
 Tucson,2017,15000,Manual,23310,Diesel,30,61.7,0.0
 Tucson,2019,15000,Manual,22397,Petrol,150,34.9,0.0
 Tucson,2019,16300,Manual,10066,Petrol,150,34.9,0.0
 I10,2018,8300,Manual,13148,Petrol,150,60.1,0.0
 I800,2019,18500,Manual,7691,Diesel,150,31.7,0.0
 Tucson,2016,12300,Manual,21898,Diesel,30,61.7,1.7
 I10,2016,6500,Manual,24740,Petrol,20,60.1,1.0
 I10,2014,5500,Manual,20127,Petrol,20,60.1,1.0
 I800,2018,15299,Automatic,34103,Diesel,145,33.6,2.5
 IX20,2016,9000,Manual,21152,Diesel,30,64.2,1.6
 I10,2017,7600,Manual,15618,Petrol,145,60.1,1.0
 I10,2017,7300,Manual,15594,Petrol,20,60.1,0.0
 I20,2015,7500,Manual,28123,Petrol,30,56.5,0.0
 Ioniq,2019,19800,Automatic,1963,Petrol,135,78.5,1.6
 I10,2015,7500,Manual,13637,Petrol,30,57.6,0.0
 Tucson,2017,15700,Automatic,7457,Diesel,125,57.6,0.0
 I20,2017,8500,Manual,16708,Petrol,145,58.9,0.0
 Tucson,2017,12000,Manual,2236,Petrol,160,44.8,1.6
 I30,2018,9299,Manual,21859,Petrol,145,56.5,1.0
 Tucson,2016,11599,Manual,31480,Diesel,30,61.7,1.7
 I10,2017,7000,Manual,31696,Petrol,145,57.7,1.2
 I10,2017,8000,Manual,16636,Petrol,145,60.1,0.0
 I20,2017,8600,Manual,19398,Petrol,30,58.9,0.0
 I30,2016,8900,Manual,18257,Diesel,0,78.4,1.6
 IX35,2014,9800,Manual,35541,Diesel,145,53.3,1.7
 I10,2015,6800,Manual,22211,Petrol,20,60.1,1.0
 I30,2018,11531,Automatic,35097,Petrol,145,51.4,1.4
 I40,2016,11400,Automatic,27712,Diesel,125,56.5,1.7
 IX20,2016,7194,Manual,27696,Petrol,125,50.4,1.4
 I10,2015,6500,Manual,12731,Petrol,30,57.6,1.2
 Tucson,2018,12556,Manual,20443,Petrol,145,44.8,1.6
 I10,2014,5644,Manual,40248,Petrol,20,60.1,1.0
 I10,2017,7799,Manual,21321,Petrol,145,57.7,1.2
 IX35,2011,6936,Manual,72436,Diesel,200,47.9,2.0
 I10,2018,9499,Automatic,8418,Petrol,145,47.9,1.2
 IX35,2012,5000,Manual,119050,Diesel,150,48.7,1.7
 I30,2018,9000,Manual,15804,Petrol,145,57.7,1.0
 I800,2017,13499,Automatic,44749,Diesel,145,33.6,2.5
 I10,2016,6000,Manual,23176,Petrol,30,57.6,1.2
 I10,2018,8495,Automatic,28889,Petrol,145,47.9,1.2
 I20,2019,11995,Manual,3300,Petrol,145,46.3,1.2
 I10,2018,6350,Manual,31738,Petrol,145,60.1,1.0
 I20,2019,11795,Manual,5409,Petrol,150,46.3,1.2
 Tucson,2016,13300,Manual,25071,Diesel,30,61.7,1.7
 Tucson,2018,13950,Manual,17427,Petrol,150,44.8,1.6
 Tucson,2019,15600,Manual,8000,Petrol,150,34.9,1.6
 Tucson,2016,12795,Manual,26804,Diesel,30,61.7,1.7
 I10,2014,6600,Manual,31090,Petrol,30,57.6,0.0
 Veloster,2012,6300,Manual,60200,Petrol,165,43.5,1.6
 Santa Fe,2014,15500,Automatic,37006,Diesel,265,41.5,2.2
 Tucson,2019,15400,Manual,12254,Petrol,150,34.9,1.6
 I30,2016,8900,Manual,17350,Petrol,145,48.7,1.4
 Tucson,2017,14100,Semi-Auto,27299,Diesel,145,57.6,1.7
 Tucson,2017,13100,Manual,21119,Diesel,30,61.7,1.7
 Tucson,2017,12600,Manual,36750,Diesel,30,61.7,1.7
 Tucson,2016,12950,Manual,37350,Diesel,125,58.9,2.0
 Tucson,2018,13300,Manual,29413,Petrol,150,44.8,1.6
 Tucson,2017,12700,Manual,33808,Diesel,30,61.7,1.7
 IX35,2015,9700,Manual,26564,Petrol,200,41.5,0.0
 IX35,2014,8700,Manual,54304,Diesel,145,53.3,0.0
 I20,2016,7500,Manual,41496,Petrol,30,56.5,0.0
 IX20,2014,6500,Manual,38601,Petrol,125,50.4,0.0
 I10,2017,7000,Manual,31232,Petrol,145,57.7,0.0
 I20,2019,12000,Manual,7061,Petrol,145,46.3,1.2
 I30,2015,8250,Manual,29980,Diesel,0,78.4,1.6
 I20,2017,7999,Manual,44120,Petrol,150,62.8,1.0
 IX35,2011,7799,Automatic,48528,Diesel,300,39.2,2.0
 Tucson,2016,14999,Automatic,20645,Diesel,205,47.1,2.0
 Santa Fe,2017,18999,Automatic,20599,Diesel,150,42.8,2.2
 I10,2012,3799,Manual,56582,Petrol,20,61.4,1.2
 I30,2015,7803,Manual,43022,Diesel,0,78.4,1.6
 Tucson,2016,12995,Manual,37688,Diesel,30,61.7,1.7
 Tucson,2016,16498,Automatic,12163,Diesel,200,46.3,2.0
 I30,2015,8998,Manual,16412,Petrol,145,48.7,1.4
 Kona,2019,14298,Manual,6874,Petrol,145,44.1,1.0
 IX35,2013,7298,Manual,50998,Diesel,145,48.7,1.7
 I10,2016,5998,Manual,41883,Petrol,30,57.6,1.2
 I30,2018,11998,Manual,5404,Diesel,145,74.3,1.6
 I800,2018,15998,Manual,36815,Diesel,145,28.0,2.5
 I10,2014,5498,Manual,13840,Petrol,20,60.1,1.0
 I30,2016,7498,Manual,56693,Diesel,0,78.4,1.6
 IX20,2015,6498,Manual,57819,Petrol,125,50.4,1.4
 Kona,2019,15498,Manual,5630,Petrol,145,44.1,1.0
 I20,2017,8498,Manual,19685,Petrol,145,58.9,1.2
 Tucson,2017,13698,Manual,17539,Diesel,30,61.7,1.7
 I10,2017,6998,Manual,39968,Petrol,145,57.7,1.2
 Tucson,2017,13998,Manual,21679,Diesel,30,61.7,1.7
 Tucson,2017,14498,Manual,9146,Diesel,150,61.7,1.7
 I800,2019,19998,Automatic,1477,Diesel,145,31.7,2.5
 Kona,2018,12498,Manual,12834,Petrol,145,52.3,1.0
 I40,2017,8998,Manual,59626,Diesel,150,67.3,1.7
 IX20,2016,8298,Manual,28355,Petrol,125,50.4,1.4
 Kona,2018,15995,Manual,23400,Petrol,145,52.3,1.0
 IX35,2015,9495,Manual,46000,Diesel,145,53.3,1.7
 I30,2018,8998,Manual,24070,Petrol,145,57.7,1.0
 I30,2019,14998,Manual,3010,Petrol,145,41.5,1.4
 I30,2019,14998,Manual,3303,Petrol,145,41.5,1.4
 Kona,2019,21998,Automatic,1391,Hybrid,135,52.3,1.6
 I20,2017,8998,Manual,16900,Petrol,145,55.4,1.2
 I40,2016,10998,Manual,29347,Diesel,30,65.7,1.7
 I20,2016,9498,Manual,17206,Petrol,30,58.9,1.0
 I10,2015,5998,Manual,8116,Petrol,20,60.1,1.0
 IX20,2015,7998,Manual,20077,Petrol,125,50.4,1.4
 I20,2017,7998,Manual,28502,Petrol,145,55.4,1.2
 I20,2015,7398,Manual,23656,Petrol,30,55.4,1.2
 I20,2015,6698,Manual,43795,Petrol,125,51.4,1.4
 I20,2017,8598,Manual,9392,Petrol,30,58.9,1.2
 I30,2019,23498,Manual,1437,Petrol,145,34.0,2.0
 Kona,2019,14998,Manual,2383,Petrol,145,44.1,1.0
 Santa Fe,2019,34998,Semi-Auto,4133,Diesel,145,39.2,2.2
 Santa Fe,2019,34998,Semi-Auto,4956,Diesel,145,39.2,2.2
 Tucson,2019,15998,Manual,3454,Petrol,145,35.3,1.6
 I30,2019,14998,Manual,3001,Petrol,145,41.5,1.4
 Tucson,2019,15498,Manual,14877,Petrol,150,34.9,1.6
 Tucson,2019,18998,Semi-Auto,3649,Petrol,150,36.2,1.6
 Tucson,2017,14498,Manual,12811,Diesel,150,61.7,1.7
 Tucson,2017,15298,Semi-Auto,19066,Diesel,150,57.6,1.7
 Tucson,2017,15998,Semi-Auto,11231,Diesel,150,57.6,1.7
 I10,2017,6498,Manual,23692,Petrol,20,60.1,1.0
 Santa Fe,2017,15998,Manual,48034,Diesel,205,47.1,2.2
 Tucson,2016,12498,Manual,41953,Diesel,30,61.7,1.7
 IX20,2014,5998,Manual,42386,Diesel,30,64.2,1.6
 Tucson,2018,16500,Manual,12875,Petrol,145,38.7,1.6
 Santa Fe,2015,16998,Semi-Auto,38514,Diesel,265,42.2,2.2
 Tucson,2016,10998,Manual,20258,Petrol,160,44.8,1.6
 Tucson,2017,15998,Semi-Auto,12150,Diesel,145,57.6,1.7
 Tucson,2016,18698,Automatic,14884,Diesel,235,43.5,2.0
 Tucson,2017,11498,Manual,35213,Diesel,145,61.7,1.7
 Tucson,2018,14998,Manual,7482,Petrol,145,44.8,1.6
 Tucson,2019,15498,Manual,12077,Petrol,145,34.9,1.6
 Tucson,2017,13498,Manual,5863,Petrol,160,44.8,1.6
 I20,2018,9985,Automatic,20796,Petrol,145,45.6,1.4
 I10,2017,7498,Manual,8788,Petrol,145,60.1,1.0
 Tucson,2019,15998,Manual,17841,Petrol,150,34.9,1.6
 I30,2015,8798,Manual,21701,Petrol,150,48.7,1.4
 Tucson,2019,15498,Manual,15751,Petrol,150,34.9,1.6
 I20,2016,8298,Manual,17499,Petrol,30,55.4,1.2
 Kona,2019,14998,Manual,6717,Petrol,150,44.1,1.0
 Ioniq,2019,20998,Automatic,5530,Hybrid,140,62.8,1.6
 Kona,2019,20998,Automatic,4672,Hybrid,140,52.3,1.6
 I30,2017,10485,Manual,17609,Diesel,145,72.4,1.6
 Santa Fe,2018,21985,Manual,13436,Diesel,145,47.1,2.2
 I10,2020,14485,Manual,100,Petrol,145,51.4,1.2
 I20,2020,14485,Manual,100,Petrol,145,46.3,1.2
 Tucson,2016,11485,Manual,53963,Diesel,30,61.7,1.7
 I20,2016,7489,Manual,51552,Petrol,30,56.5,1.2
 Santa Fe,2017,19429,Semi-Auto,38452,Diesel,150,42.8,2.2
 I10,2017,6995,Manual,20200,Petrol,145,60.1,1.0
 I10,2019,9985,Manual,5223,Petrol,150,57.6,1.2
 Ioniq,2019,22998,Automatic,2844,Hybrid,140,1.1,1.6
 Tucson,2016,13298,Manual,35251,Diesel,30,61.7,1.7
 I800,2019,19998,Manual,7761,Diesel,145,31.7,2.5
 I40,2015,9298,Manual,34572,Diesel,30,65.7,1.7
 Tucson,2017,14985,Manual,42858,Diesel,205,47.9,2.0
 Tucson,2018,13985,Manual,15563,Diesel,150,61.7,1.7
 I40,2017,11485,Manual,17393,Diesel,145,65.7,1.7
 I30,2017,10785,Manual,19273,Diesel,145,74.3,1.6
 I30,2017,10485,Manual,15359,Diesel,145,72.4,1.6
 I20,2019,9485,Manual,10758,Petrol,145,46.3,1.2
 I20,2019,10485,Manual,13484,Petrol,145,46.3,1.2
 I30,2017,8985,Manual,18266,Diesel,145,72.4,1.6
 Tucson,2016,14798,Semi-Auto,23865,Diesel,125,57.6,1.7
 Tucson,2017,13698,Manual,31739,Diesel,145,61.7,1.7
 Tucson,2017,14498,Semi-Auto,17754,Diesel,125,57.6,1.7
 I10,2014,5498,Manual,23928,Petrol,20,60.1,1.0
 Tucson,2016,11498,Manual,40297,Diesel,30,61.7,1.7
 IX35,2015,8250,Manual,59238,Diesel,145,54.3,1.7
 I10,2017,7495,Manual,25203,Petrol,30,57.7,1.2
 I800,2017,15985,Automatic,35154,Diesel,325,33.6,2.5
 IX35,2015,7885,Manual,59817,Diesel,145,54.3,1.7
 IX35,2015,7995,Manual,54783,Diesel,150,53.3,1.7
 I20,2019,10485,Manual,11166,Petrol,145,46.3,1.2
 Tucson,2016,10998,Manual,40191,Diesel,30,61.7,1.7
 I20,2017,8498,Manual,12588,Petrol,145,55.4,1.2
 Santa Fe,2015,13998,Manual,54963,Diesel,200,46.3,2.2
 Tucson,2016,11998,Manual,35224,Diesel,30,61.7,1.7
 I20,2017,8995,Manual,19229,Petrol,145,62.8,1.0
 Santa Fe,2013,12245,Semi-Auto,72854,Diesel,260,41.5,2.2
 Santa Fe,2016,18295,Semi-Auto,22404,Diesel,235,42.2,2.2
 Kona,2018,12998,Manual,7910,Petrol,145,52.3,1.0
 IX35,2014,7298,Manual,71289,Diesel,145,53.3,1.7
 I20,2013,3998,Manual,45461,Petrol,30,57.6,1.2
 Tucson,2016,11998,Manual,40457,Diesel,30,61.7,1.7
 Tucson,2019,15498,Manual,23773,Petrol,145,34.9,1.6
 Kona,2019,14298,Manual,5034,Petrol,145,44.1,1.0
 Tucson,2016,15798,Manual,35030,Diesel,145,54.3,2.0
 Tucson,2017,14498,Manual,19400,Diesel,30,61.7,1.7
 I20,2016,8998,Automatic,28560,Petrol,160,42.2,1.4
 Tucson,2016,12298,Manual,35153,Diesel,30,61.7,1.7
 I20,2017,8298,Manual,18047,Petrol,30,55.4,1.2
 Tucson,2017,13498,Manual,35003,Diesel,30,61.7,1.7
 Tucson,2019,15498,Manual,11757,Petrol,145,34.9,1.6
 I40,2016,9698,Manual,38259,Diesel,30,65.7,1.7
 Tucson,2017,12998,Manual,40262,Diesel,145,61.7,1.7
 Ioniq,2018,17298,Automatic,19348,Hybrid,135,78.5,1.6
 Tucson,2017,12398,Manual,12239,Diesel,30,61.7,1.7
 Tucson,2016,13998,Semi-Auto,30551,Diesel,125,57.6,1.7
 I30,2015,6498,Manual,40237,Diesel,0,78.4,1.6
 Tucson,2019,15498,Manual,11915,Petrol,150,34.9,1.6
 I10,2017,6498,Manual,37254,Petrol,20,60.1,1.0
 Tucson,2016,14698,Manual,13254,Diesel,145,54.3,2.0
 IX20,2016,7998,Manual,20760,Petrol,125,50.4,1.4
 Tucson,2017,15698,Semi-Auto,7015,Diesel,145,57.6,1.7
 Tucson,2018,12698,Manual,14183,Petrol,145,44.8,1.6
 Tucson,2015,10298,Manual,69085,Diesel,30,61.7,1.7
 I40,2014,7498,Manual,51515,Diesel,30,62.8,1.7
 Tucson,2016,12498,Manual,15959,Diesel,30,61.7,1.7
 Kona,2019,14298,Manual,10757,Petrol,145,44.1,1.0
 Kona,2019,14298,Manual,9829,Petrol,145,44.1,1.0
 I800,2018,15998,Manual,37324,Diesel,145,28.0,2.5
 I30,2018,11298,Manual,14655,Petrol,145,56.5,1.0
 I30,2018,8998,Manual,20596,Petrol,145,57.7,1.0
 I30,2018,11998,Manual,12486,Diesel,145,74.3,1.6
 I20,2014,4998,Manual,43444,Petrol,30,57.6,1.2
 Tucson,2017,14498,Manual,37587,Diesel,145,54.3,2.0
 Tucson,2017,13998,Manual,23643,Diesel,145,61.7,1.7
 Tucson,2017,14998,Semi-Auto,13094,Diesel,125,57.6,1.7
 Tucson,2018,15500,Manual,4411,Petrol,145,34.9,1.6
 Kona,2019,15498,Manual,10,Petrol,145,44.1,1.0
 IX35,2013,6998,Manual,80465,Diesel,145,53.3,1.7
 Tucson,2019,15498,Manual,17948,Petrol,145,34.9,1.6
 Kona,2019,15498,Manual,10,Petrol,145,44.1,1.0
 I30,2019,14998,Manual,3292,Petrol,145,41.5,1.4
 Tucson,2016,11698,Manual,29051,Diesel,30,61.7,1.7
 I30,2013,5998,Manual,59039,Diesel,0,74.3,1.6
 I10,2016,5998,Manual,20851,Petrol,20,60.1,1.0
 I20,2015,7298,Manual,35921,Petrol,30,55.4,1.2
 I30,2017,9698,Manual,43717,Diesel,20,72.4,1.6
 I30,2018,10998,Manual,14927,Petrol,145,56.5,1.0
 I40,2016,9698,Manual,40134,Diesel,30,65.7,1.7
 Kona,2019,15498,Manual,10,Petrol,145,44.1,1.0
 Kona,2018,13498,Manual,12884,Petrol,145,44.1,1.0
 Kona,2018,13698,Manual,9616,Petrol,145,44.1,1.0
 I10,2017,6698,Manual,19419,Petrol,145,60.1,1.0
 Kona,2019,15298,Manual,879,Petrol,145,44.1,1.0
 IX20,2017,9998,Manual,9604,Petrol,145,50.4,1.4
 I10,2014,5500,Manual,17904,Petrol,20,60.1,1.0
 Tucson,2016,11400,Manual,24400,Petrol,160,44.8,1.6
 IX20,2017,8998,Manual,22861,Petrol,145,50.4,1.4
 Santa Fe,2015,14498,Manual,25770,Diesel,200,46.3,2.2
 I20,2017,7798,Manual,14814,Petrol,150,55.4,1.2
 Kona,2019,13998,Manual,4396,Petrol,145,44.1,1.0
 I10,2017,6498,Manual,26222,Petrol,145,60.1,1.0
 Tucson,2015,11998,Manual,27256,Diesel,30,61.7,1.7
 I30,2016,8498,Manual,20251,Petrol,125,50.4,1.4
 IX20,2016,7998,Manual,18562,Petrol,125,50.4,1.4
 Tucson,2017,13998,Manual,19372,Diesel,150,61.7,1.7
 I10,2017,6498,Manual,23455,Petrol,20,60.1,1.0
 Tucson,2019,23998,Manual,6491,Hybrid,145,47.9,1.6
 Kona,2018,12998,Manual,11458,Petrol,145,52.3,1.0
 I20,2017,7998,Manual,35934,Petrol,145,58.9,1.2
 I800,2018,15498,Automatic,34889,Diesel,145,28.0,2.5
 I800,2018,15498,Manual,37485,Diesel,145,28.0,2.5
 I30,2016,8998,Manual,32025,Diesel,0,78.4,1.6
 Tucson,2018,14498,Manual,23513,Petrol,145,34.9,1.6
 Tucson,2017,12998,Manual,33461,Diesel,30,61.7,1.7
 I30,2018,9498,Manual,11462,Petrol,145,57.7,1.0
 I30,2018,9298,Manual,16259,Petrol,145,57.7,1.0
 I30,2019,14998,Manual,3241,Petrol,145,41.5,1.4
 I800,2019,20998,Manual,2573,Diesel,145,31.7,2.5
 I800,2019,17998,Manual,17972,Diesel,145,28.0,2.5
 Tucson,2018,15298,Manual,14429,Petrol,145,34.9,1.6
 I10,2017,6498,Manual,37864,Petrol,145,60.1,1.0
 I20,2019,12498,Manual,1023,Petrol,145,46.3,1.2
 I10,2017,6498,Manual,21070,Petrol,145,60.1,1.0
 Kona,2018,12498,Manual,23001,Petrol,145,52.3,1.0
 Kona,2018,12998,Manual,9133,Petrol,145,52.3,1.0
 Ioniq,2019,15998,Automatic,16280,Hybrid,135,78.5,1.6
 Ioniq,2019,16498,Automatic,4004,Hybrid,135,78.5,1.6
 Kona,2018,13998,Manual,11893,Petrol,145,44.1,1.0
 I800,2019,21498,Manual,2804,Diesel,145,28.0,2.5
 Kona,2018,13698,Manual,14441,Petrol,145,44.1,1.0
 I20,2016,8298,Manual,13643,Petrol,20,62.8,1.0
 I20,2017,9490,Manual,1862,Petrol,150,55.4,1.2
 Tucson,2016,11495,Manual,19312,Diesel,30,61.7,1.7
 I30,2019,12998,Manual,14121,Diesel,145,58.9,1.6
 I30,2018,11298,Manual,11150,Petrol,145,56.5,1.0
 I30,2018,11998,Manual,8337,Diesel,145,74.3,1.6
 Tucson,2016,14995,Manual,25044,Diesel,125,58.9,2.0
 Santa Fe,2016,16498,Manual,44905,Diesel,200,47.1,2.2
 Tucson,2018,17998,Manual,7874,Diesel,145,48.7,1.6
 I10,2018,6998,Manual,24152,Petrol,145,60.1,1.0
 Santa Fe,2013,11498,Semi-Auto,59701,Diesel,265,41.5,2.2
 I20,2015,7798,Manual,23001,Petrol,30,55.4,1.2
 Tucson,2019,15998,Manual,11751,Petrol,145,34.9,1.6
 IX20,2016,8298,Manual,16407,Petrol,125,50.4,1.4
 Tucson,2016,11998,Manual,36512,Diesel,30,61.7,1.7
 I10,2017,6998,Manual,21962,Petrol,145,60.1,1.0
 Tucson,2016,13298,Manual,23257,Diesel,30,61.7,1.7
 I30,2019,14998,Manual,3398,Petrol,145,41.5,1.4
 Kona,2018,13498,Manual,6922,Petrol,145,44.1,1.0
 I30,2015,7998,Manual,25399,Petrol,145,47.1,1.4
 I20,2016,7398,Manual,19230,Petrol,30,55.4,1.2
 Kona,2019,13998,Manual,8777,Petrol,145,44.1,1.0
 Tucson,2018,14498,Manual,37305,Petrol,145,34.9,1.6
 Kona,2018,14298,Manual,8795,Petrol,145,44.1,1.0
 Ioniq,2018,17298,Automatic,13884,Hybrid,135,78.5,1.6
 Ioniq,2018,17298,Automatic,6443,Hybrid,135,78.5,1.6
 I10,2017,7998,Manual,25878,Petrol,145,57.7,1.2
 Tucson,2017,15498,Manual,26826,Diesel,30,61.4,1.7
 Tucson,2019,15498,Manual,17325,Petrol,145,34.9,1.6
 I30,2015,6698,Manual,64365,Diesel,0,78.4,1.6
 Tucson,2019,15498,Manual,17865,Petrol,145,34.9,1.6
 I800,2018,15998,Manual,38520,Diesel,145,28.0,2.5
 Tucson,2016,11498,Manual,63104,Diesel,30,61.7,1.7
 Tucson,2016,12498,Manual,31054,Diesel,30,61.7,1.7
 Santa Fe,2013,12498,Automatic,38602,Diesel,260,41.5,2.2
 I30,2016,7998,Manual,50167,Diesel,0,78.4,1.6
 I800,2018,15498,Manual,36164,Diesel,145,28.0,2.5
 I800,2018,15498,Manual,36759,Diesel,145,28.0,2.5
 I20,2017,7998,Manual,21451,Petrol,145,55.4,1.2
 I30,2018,10998,Manual,14147,Petrol,145,56.5,1.0
 I30,2018,11498,Manual,11901,Petrol,145,56.5,1.0
 I30,2018,12498,Manual,4758,Diesel,145,74.3,1.6
 Tucson,2018,16498,Manual,18,Petrol,145,34.9,1.6
 I30,2018,9498,Manual,11852,Petrol,145,57.7,1.0
 I30,2015,6844,Manual,45640,Petrol,145,47.1,1.4
 Santa Fe,2014,11830,Manual,50425,Diesel,200,46.3,2.2
 Tucson,2019,15998,Manual,9488,Petrol,145,34.9,1.6
 Kona,2018,13698,Manual,11118,Petrol,145,44.1,1.0
 Kona,2018,13698,Manual,11139,Petrol,145,44.1,1.0
 Tucson,2016,11798,Manual,48233,Diesel,30,61.7,1.7
 I30,2018,11298,Manual,17402,Petrol,145,56.5,1.0
 I30,2016,9498,Manual,24109,Petrol,145,48.7,1.4
 I30,2018,9998,Manual,12130,Petrol,145,57.7,1.0
 I30,2018,11498,Manual,11122,Diesel,145,74.3,1.6
 I30,2018,11498,Manual,14875,Petrol,145,56.5,1.0
 Tucson,2019,15498,Manual,14461,Petrol,150,34.9,1.6
 I10,2017,7998,Manual,5733,Petrol,20,60.1,1.0
 Tucson,2017,14298,Manual,45726,Diesel,150,61.7,1.7
 I30,2016,7998,Manual,41429,Diesel,0,78.4,1.6
 Tucson,2017,13998,Manual,15908,Diesel,145,61.7,1.7
 I30,2013,5995,Manual,42786,Petrol,145,47.1,1.4
 I40,2015,8854,Manual,53730,Diesel,30,65.7,1.7
 IX35,2013,5998,Manual,78189,Diesel,145,48.7,1.7
 IX20,2016,7998,Manual,30565,Petrol,125,50.4,1.4
 IX35,2013,5698,Manual,91001,Diesel,150,48.7,1.7
 Tucson,2016,11698,Manual,24636,Petrol,165,44.8,1.6
 Tucson,2016,12698,Manual,35870,Diesel,30,61.7,1.7
 I20,2018,9494,Manual,11010,Petrol,145,58.9,1.2
 Tucson,2017,10995,Manual,62382,Diesel,30,61.7,1.7
 I10,2018,10498,Semi-Auto,4826,Petrol,145,47.9,1.2
 Kona,2018,12998,Manual,19001,Petrol,145,52.3,1.0
 Kona,2018,13998,Manual,18911,Petrol,145,52.3,1.0
 Kona,2018,12998,Manual,13655,Petrol,145,52.3,1.0
 IX20,2015,7498,Manual,34123,Petrol,125,50.4,1.4
 I10,2016,5998,Manual,20746,Petrol,20,60.1,1.0
 Kona,2019,15298,Manual,3752,Petrol,145,44.1,1.0
 Tucson,2016,13498,Manual,26677,Diesel,30,61.7,1.7
 Tucson,2016,10998,Manual,44268,Diesel,30,61.7,1.7
 I40,2016,10498,Manual,26775,Diesel,30,65.7,1.7
 Tucson,2016,11998,Manual,41350,Diesel,30,61.7,1.7
 I40,2017,10498,Manual,33763,Diesel,145,65.7,1.7
 Tucson,2016,11498,Manual,42404,Diesel,30,61.7,1.7
 Tucson,2016,11900,Manual,37692,Diesel,30,61.7,1.7
 I20,2017,7998,Manual,19583,Petrol,30,55.4,1.2
 IX35,2015,8298,Manual,64925,Diesel,165,51.4,2.0
 I30,2013,5998,Manual,62227,Petrol,165,46.0,1.4
 I20,2013,6998,Automatic,26550,Petrol,145,47.1,1.4
 I30,2016,6998,Manual,73053,Petrol,125,50.4,1.4
 I30,2017,9998,Manual,13692,Petrol,145,56.5,1.0
 Tucson,2019,15498,Manual,15196,Petrol,145,34.9,1.6
 Tucson,2019,15498,Manual,13684,Petrol,145,34.9,1.6
 Tucson,2017,13698,Manual,6741,Petrol,150,44.8,1.6
 Tucson,2018,15498,Manual,9653,Petrol,150,34.9,1.6
 Tucson,2017,14298,Semi-Auto,25630,Diesel,125,57.6,1.7
 I30,2015,8498,Manual,20662,Petrol,145,48.7,1.4
 I10,2017,6498,Manual,31696,Petrol,20,60.1,1.0
 Tucson,2017,13998,Manual,13490,Diesel,30,61.7,1.7
 IX35,2013,6498,Manual,56726,Diesel,150,48.7,1.7
 Tucson,2018,13298,Manual,15474,Diesel,145,61.7,1.7
 Tucson,2016,9998,Manual,89895,Diesel,30,61.7,1.7
 I20,2016,7498,Manual,15701,Petrol,30,55.4,1.2
 Tucson,2017,15998,Manual,14412,Diesel,150,61.4,1.7
 Ioniq,2018,15998,Automatic,17598,Hybrid,135,78.5,1.6
 I30,2015,7198,Manual,48949,Diesel,0,78.4,1.6
 Tucson,2016,16498,Automatic,28723,Diesel,200,47.1,2.0
 I10,2017,7798,Manual,9859,Petrol,145,60.1,1.0
 Tucson,2018,17998,Semi-Auto,16522,Diesel,145,47.1,1.6
 I30,2015,7998,Manual,21575,Diesel,20,72.4,1.6
 I30,2018,11498,Manual,16174,Diesel,145,74.3,1.6
 I30,2016,8798,Manual,30266,Diesel,0,78.4,1.6
 I10,2017,8298,Manual,15553,Petrol,145,57.7,1.2
 Tucson,2019,15498,Manual,17338,Petrol,145,34.9,1.6
 Santa Fe,2019,32998,Semi-Auto,1001,Diesel,145,39.8,2.2
 Tucson,2017,12998,Manual,24263,Diesel,30,61.7,1.7
 I30,2019,13498,Manual,5449,Petrol,150,45.6,1.0
 IX20,2016,8498,Manual,25018,Petrol,125,50.4,1.4
 I30,2015,7498,Manual,38884,Petrol,150,48.7,1.4
 I30,2018,11998,Manual,13901,Diesel,145,74.3,1.6
 IX20,2017,9798,Manual,8303,Petrol,125,50.4,1.4
 Kona,2018,13698,Manual,3353,Petrol,145,44.1,1.0
 IX35,2014,8498,Manual,43978,Diesel,145,53.3,1.7
 Tucson,2019,15498,Manual,12818,Petrol,150,34.9,1.6
 I30,2016,7998,Manual,29465,Petrol,125,50.4,1.4
 Tucson,2017,12998,Manual,6318,Petrol,160,44.8,1.6
 Tucson,2017,13498,Manual,22714,Diesel,145,61.7,1.7
 I30,2015,7298,Manual,50221,Diesel,0,78.4,1.6
 I10,2018,7298,Manual,3895,Petrol,145,60.1,1.0
 Tucson,2019,15498,Manual,13177,Petrol,150,34.9,1.6
 Tucson,2019,15498,Manual,11686,Petrol,150,34.9,1.6
 I30,2016,9498,Manual,18361,Diesel,0,78.4,1.6
 Tucson,2019,15498,Manual,15861,Petrol,145,34.9,1.6
 Tucson,2019,15498,Manual,17431,Petrol,145,34.9,1.6
 Kona,2018,13998,Manual,8980,Petrol,145,44.1,1.0
 Tucson,2016,11298,Manual,31237,Diesel,30,61.7,1.7
 Tucson,2017,13998,Manual,17820,Diesel,145,61.7,1.7
 IX20,2016,8298,Manual,8423,Petrol,125,50.4,1.4
 Tucson,2019,15498,Manual,15091,Petrol,145,34.9,1.6
 Tucson,2019,15498,Manual,11896,Petrol,145,34.9,1.6
 Tucson,2016,12498,Manual,30164,Diesel,30,61.7,1.7
 Tucson,2016,12798,Manual,35696,Diesel,30,61.7,1.7
 I30,2016,10998,Manual,28390,Petrol,235,38.7,1.6
 Ioniq,2018,16998,Automatic,11776,Hybrid,135,78.5,1.6
 Tucson,2016,13498,Manual,12663,Diesel,30,61.7,1.7
 Tucson,2017,16998,Semi-Auto,23941,Diesel,125,57.6,1.7
 I30,2016,8698,Manual,28022,Diesel,0,78.4,1.6
 Tucson,2017,11160,Manual,22068,Diesel,30,61.7,1.7
 Tucson,2017,14480,Semi-Auto,24144,Diesel,125,57.6,1.7
 Tucson,2016,12998,Manual,23793,Diesel,30,61.7,1.7
 IX20,2015,6498,Manual,27027,Petrol,125,50.4,1.4
 Tucson,2017,13998,Manual,14920,Diesel,30,61.7,1.7
 I40,2014,8998,Manual,38589,Diesel,30,62.8,1.7
 Ioniq,2019,22998,Automatic,2031,Hybrid,135,62.8,1.6
 Tucson,2017,15998,Semi-Auto,15935,Diesel,125,57.6,1.7
 Kona,2018,16998,Manual,4829,Petrol,150,44.1,1.0
 I30,2015,7698,Manual,35259,Diesel,0,78.4,1.6
 Tucson,2017,13498,Manual,45005,Diesel,145,61.7,1.7
 Tucson,2016,11798,Manual,40540,Diesel,30,61.7,1.7
 Tucson,2016,10698,Manual,59776,Diesel,30,61.7,1.7
 Tucson,2016,11998,Manual,51963,Diesel,30,61.7,1.7
 Tucson,2017,13498,Manual,31927,Diesel,30,61.7,1.7
 I30,2016,9298,Manual,5156,Petrol,145,48.7,1.4
 Santa Fe,2019,33998,Semi-Auto,3122,Diesel,145,39.8,2.2
 Tucson,2016,11698,Manual,34747,Petrol,160,44.8,1.6
 Kona,2019,15498,Manual,15,Petrol,145,44.1,1.0
 IX20,2016,7998,Manual,28933,Petrol,125,50.4,1.4
 Tucson,2017,14498,Manual,15455,Diesel,30,61.7,1.7
 Tucson,2019,21498,Manual,1550,Hybrid,145,51.4,1.6
 IX20,2016,8498,Manual,19658,Petrol,125,50.4,1.4
 IX20,2017,10298,Automatic,9595,Petrol,160,43.5,1.6
 I30,2016,8798,Manual,33503,Petrol,145,48.7,1.4
 I10,2014,5916,Manual,13281,Petrol,20,60.1,1.0
 I10,2017,7101,Manual,1847,Petrol,20,60.1,1.0
 I10,2014,5916,Manual,13281,Petrol,20,60.1,1.0
 I10,2017,7101,Manual,1847,Petrol,20,60.1,1.0
 Tucson,2016,14998,Semi-Auto,12489,Diesel,125,57.6,1.7
 Tucson,2016,12998,Manual,30773,Diesel,30,61.7,1.7
 Tucson,2017,14998,Manual,8016,Diesel,30,61.7,1.7
 Tucson,2017,14498,Semi-Auto,18701,Diesel,125,57.6,1.7
 I800,2018,15998,Manual,32235,Diesel,145,28.0,2.5
 I30,2016,9998,Manual,12668,Petrol,145,48.7,1.4
 I30,2018,9498,Manual,13002,Petrol,145,57.7,1.0
 Kona,2018,13498,Manual,12424,Petrol,145,44.1,1.0
 I10,2015,5998,Semi-Auto,41835,Petrol,30,47.9,1.2
 Tucson,2017,18330,Manual,15899,Diesel,145,54.3,2.0
 I800,2019,18497,Manual,5137,Diesel,145,31.7,2.5
 Tucson,2019,15498,Manual,11750,Petrol,150,34.9,1.6
 I30,2018,10998,Manual,14664,Petrol,145,56.5,1.0
 IX35,2015,10995,Automatic,44705,Diesel,265,41.5,2.0
 I30,2017,13995,Manual,30000,Diesel,145,74.3,1.6
 IX35,2015,9470,Manual,33730,Diesel,145,53.3,1.7
 I30,2015,7998,Manual,30796,Petrol,150,48.7,1.4
 Tucson,2017,13850,Manual,21985,Diesel,145,61.7,1.7
 Kona,2018,14498,Manual,13557,Petrol,145,44.1,1.0
 Santa Fe,2016,17298,Manual,23828,Diesel,200,47.1,2.2
 I10,2017,6798,Manual,37513,Petrol,145,57.7,1.2
 Tucson,2016,12298,Manual,38564,Diesel,30,61.7,1.7
 IX20,2016,7298,Manual,38297,Petrol,125,50.4,1.4
 I40,2017,11698,Manual,22336,Diesel,145,65.7,1.7
 Kona,2018,14798,Manual,6014,Petrol,145,44.1,1.0
 Ioniq,2018,16698,Automatic,11942,Hybrid,135,78.5,1.6
 I800,2016,14998,Automatic,17110,Diesel,325,33.6,2.5
 Tucson,2017,14998,Semi-Auto,17526,Diesel,145,57.6,1.7
 Tucson,2016,11998,Manual,31702,Diesel,30,61.7,1.7
 I30,2015,7698,Manual,32398,Diesel,0,78.4,1.6
 Tucson,2016,10998,Manual,32617,Diesel,30,61.7,1.7
 I30,2015,6310,Manual,50700,Diesel,0,78.4,1.6
 I30,2016,7637,Manual,38011,Diesel,0,78.4,1.6
 I800,2019,18550,Manual,16232,Diesel,145,31.7,2.5
 Tucson,2016,11180,Manual,10906,Petrol,160,44.8,1.6
 I10,2013,3491,Manual,48000,Petrol,20,61.4,1.2
 IX35,2013,7491,Automatic,71888,Diesel,300,39.2,2.0
 IX35,2014,8300,Manual,42630,Diesel,145,53.3,1.7
 I30,2018,9017,Manual,30287,Petrol,145,56.5,1.0
 I10,2016,5794,Manual,33318,Petrol,20,60.1,1.0
 I30,2016,8850,Manual,20457,Diesel,0,78.4,1.6
 Tucson,2019,17400,Manual,3475,Petrol,145,35.3,1.6
 IX20,2017,9998,Manual,12102,Petrol,145,50.4,1.4
 I20,2015,5495,Manual,56471,Petrol,30,58.9,1.2
 IX35,2014,7995,Manual,51023,Diesel,145,53.3,1.7
 I40,2014,7498,Manual,46152,Diesel,30,62.8,1.7
 IX35,2014,8498,Manual,54550,Diesel,150,53.3,1.7
 Santa Fe,2017,17998,Semi-Auto,40124,Diesel,235,42.8,2.2
 I30,2015,6998,Manual,30010,Petrol,150,47.1,1.4
 I30,2016,9998,Manual,33298,Diesel,20,72.4,1.6
 I10,2015,5998,Manual,20979,Petrol,20,60.1,1.0
 Tucson,2016,14495,Automatic,26600,Diesel,200,47.1,2.0
 I30,2016,11230,Automatic,6839,Petrol,200,41.5,1.6
 Ioniq,2018,15998,Automatic,28283,Hybrid,135,78.5,1.6
 Kona,2018,13498,Manual,11724,Petrol,145,44.1,1.0
 I10,2016,6960,Manual,10590,Petrol,20,60.1,1.0
 IX35,2014,7777,Manual,59247,Diesel,145,53.3,1.7
 I30,2016,8498,Manual,41593,Diesel,0,78.4,1.6
 I10,2017,7298,Manual,5970,Petrol,150,60.1,1.0
 Tucson,2017,13998,Manual,16353,Diesel,30,61.7,1.7
 I10,2014,4898,Manual,41063,Petrol,20,60.1,1.0
 I30,2014,6750,Manual,45449,Petrol,145,47.1,1.4
 I10,2017,7750,Manual,30318,Petrol,145,57.7,1.2
 I30,2013,4995,Manual,71271,Petrol,145,47.1,1.4
 I30,2015,6700,Manual,42307,Diesel,0,78.4,1.6
 I30,2018,12700,Manual,8404,Diesel,145,74.3,1.6
 I10,2018,7695,Manual,14956,Petrol,145,60.1,1.0
 Ioniq,2018,17298,Automatic,13474,Hybrid,135,78.5,1.6
 Ioniq,2018,15998,Automatic,11856,Hybrid,135,78.5,1.6
 Tucson,2016,13498,Manual,13185,Diesel,30,61.7,1.7
 I20,2017,8698,Manual,13480,Petrol,145,58.9,1.2
 Tucson,2016,14798,Manual,15110,Diesel,30,61.7,1.7
 Kona,2018,13698,Manual,21636,Petrol,145,52.3,1.0
 Tucson,2017,14998,Manual,16814,Diesel,145,61.7,1.7
 I30,2016,7998,Manual,38705,Diesel,0,78.4,1.6
 Tucson,2017,12798,Manual,27742,Diesel,30,61.7,1.7
 Tucson,2017,15498,Semi-Auto,19900,Diesel,125,57.6,1.7
 I30,2016,8998,Manual,26225,Petrol,150,48.7,1.4
 IX35,2015,9498,Manual,42865,Diesel,150,53.3,1.7
 Tucson,2017,11998,Manual,24713,Diesel,30,61.7,1.7
 Ioniq,2018,16998,Automatic,9097,Hybrid,135,78.5,1.6
 Kona,2018,13298,Manual,5801,Petrol,145,52.3,1.0
 Tucson,2017,13798,Manual,2916,Diesel,145,61.7,1.7
 Tucson,2019,15498,Manual,17441,Petrol,145,34.9,1.6
 Tucson,2017,14000,Manual,13807,Diesel,30,61.7,1.7
 IX35,2013,6998,Manual,69605,Diesel,145,53.3,1.7
 IX20,2017,9798,Manual,13217,Petrol,145,50.4,1.4
 I40,2015,9000,Manual,43000,Diesel,20,67.3,1.7
 Kona,2018,11784,Manual,26122,Petrol,145,52.3,1.0
 Tucson,2018,14364,Manual,12495,Petrol,145,44.8,1.6
 I20,2018,10595,Manual,10960,Petrol,145,46.3,1.2
 I20,2018,8600,Manual,17472,Petrol,145,55.4,1.2
 I30,2015,6885,Manual,59000,Diesel,0,78.4,1.6
 I20,2016,7698,Manual,27918,Petrol,0,65.7,1.0
 I800,2019,22998,Manual,2269,Diesel,145,31.7,2.5
 I10,2017,7298,Manual,19581,Petrol,145,60.1,1.0
 Tucson,2017,12698,Manual,13635,Petrol,165,44.8,1.6
 I10,2018,7495,Manual,8327,Petrol,145,60.1,1.0
 I10,2018,7495,Manual,14669,Petrol,145,60.1,1.0
 I10,2018,7495,Manual,22773,Petrol,145,60.1,1.0
 Tucson,2017,15395,Manual,27000,Diesel,150,61.4,1.7
 I10,2017,6995,Manual,19881,Petrol,20,60.1,1.0
 I20,2018,8895,Manual,16764,Petrol,150,58.9,1.2
 I10,2018,8994,Manual,19087,Petrol,145,60.1,1.0
 I10,2018,7695,Manual,12153,Petrol,145,60.1,1.0
 I10,2016,6395,Manual,9723,Petrol,20,60.1,1.0
 I30,2016,9498,Manual,17784,Diesel,0,78.4,1.6
 Kona,2019,14998,Manual,750,Petrol,145,44.1,1.0
 Tucson,2016,11498,Manual,52938,Diesel,30,61.7,1.7
 Tucson,2016,12498,Manual,58791,Diesel,30,61.7,1.7
 I10,2016,6500,Manual,11909,Petrol,20,60.1,1.0
 Tucson,2016,12298,Manual,14756,Diesel,30,61.7,1.7
 Tucson,2017,16298,Semi-Auto,38763,Diesel,145,57.7,1.7
 Tucson,2017,13498,Manual,25424,Diesel,30,61.7,1.7
 I40,2016,9798,Manual,40741,Diesel,30,65.7,1.7
 I30,2015,6998,Manual,54324,Diesel,0,78.4,1.6
 Kona,2018,13097,Manual,12215,Petrol,145,44.1,1.0
 I30,2015,8340,Manual,24904,Petrol,145,48.7,1.4
 I30,2015,7830,Manual,24042,Petrol,145,47.1,1.4
 Ioniq,2018,13998,Automatic,22508,Hybrid,135,78.5,1.6
 I10,2017,6590,Manual,21009,Petrol,20,60.1,1.0
 Tucson,2017,14798,Manual,15804,Diesel,30,61.7,1.7
 Tucson,2019,15498,Manual,17815,Petrol,145,34.9,1.6
 Tucson,2016,11998,Manual,19303,Diesel,30,61.7,1.7
 I30,2017,10698,Manual,25344,Diesel,145,74.3,1.6
 Kona,2018,11798,Manual,31885,Petrol,145,52.3,1.0
 Ioniq,2018,16498,Automatic,16046,Hybrid,135,78.5,1.6
 Ioniq,2018,16498,Automatic,16790,Hybrid,135,78.5,1.6
 Tucson,2016,12998,Manual,28861,Diesel,30,61.7,1.7
 Kona,2018,11998,Manual,26615,Petrol,145,52.3,1.0
 Tucson,2019,15498,Manual,13591,Petrol,145,34.9,1.6
 Tucson,2017,13798,Manual,20917,Diesel,30,61.7,1.7
 Tucson,2016,12798,Manual,44794,Diesel,30,61.7,1.7
 Tucson,2019,15498,Manual,17770,Petrol,150,34.9,1.6
 Tucson,2019,15498,Manual,17016,Petrol,150,34.9,1.6
 Tucson,2019,15498,Manual,17966,Petrol,145,34.9,1.6
 Tucson,2017,12995,Manual,32147,Diesel,30,61.7,1.7
 Santa Fe,2017,20495,Manual,22919,Diesel,200,47.1,2.2
 Tucson,2018,17995,Manual,13668,Diesel,150,48.7,1.6
 I30,2017,10995,Manual,21542,Diesel,150,74.3,1.6
 Santa Fe,2017,19498,Semi-Auto,12957,Diesel,240,42.8,2.2
 IX20,2018,10475,Automatic,12914,Petrol,145,43.5,1.6
 Tucson,2017,14000,Manual,39144,Diesel,145,61.4,1.7
 I20,2017,7485,Manual,21043,Petrol,30,58.9,1.2
 I10,2018,6485,Manual,24532,Petrol,150,60.1,1.0
 Tucson,2015,9795,Manual,70075,Diesel,30,61.7,1.7
 IX20,2013,4799,Manual,85000,Petrol,150,45.6,1.4
 I10,2018,7985,Manual,7594,Petrol,145,60.1,1.0
 Santa Fe,2018,21995,Automatic,17189,Diesel,145,42.8,2.2
 I30,2018,11695,Manual,15673,Diesel,145,74.3,1.6
 Tucson,2016,12195,Manual,34020,Diesel,30,61.7,1.7
 I30,2014,5999,Manual,47210,Petrol,150,47.1,1.4
 I10,2018,9990,Automatic,10000,Petrol,145,47.9,1.2
 Kona,2018,21495,Automatic,5200,Petrol,145,34.0,1.6
 I10,2014,5450,Manual,42346,Petrol,20,60.1,1.0
 Tucson,2017,13490,Semi-Auto,43858,Diesel,125,57.6,1.7
 Tucson,2016,13450,Manual,36736,Diesel,125,58.9,2.0
 IX35,2014,8490,Manual,35000,Diesel,150,53.3,1.7
 Tucson,2017,11390,Manual,32624,Diesel,30,61.7,1.7
 I30,2017,8450,Manual,61942,Diesel,20,72.4,1.6
 IX20,2015,6890,Automatic,34878,Petrol,200,43.6,1.6
 IX35,2014,9475,Manual,53544,Diesel,165,51.4,2.0
 Tucson,2017,10950,Manual,30531,Diesel,30,61.7,1.7
 I30,2016,9995,Manual,9671,Diesel,0,78.4,1.6
 Santa Fe,2017,17295,Manual,30142,Diesel,200,47.1,2.2
 Tucson,2018,14695,Manual,11374,Petrol,145,44.8,1.6
 Tucson,2019,14995,Manual,13251,Petrol,145,34.9,1.6
 I20,2017,7395,Manual,30505,Petrol,30,55.4,1.2
 Tucson,2019,15695,Manual,8293,Petrol,145,34.9,1.6
 Kona,2019,13695,Manual,4989,Petrol,145,44.1,1.0
 I30,2016,8695,Manual,23261,Diesel,0,78.4,1.6
 Tucson,2016,13495,Semi-Auto,37452,Diesel,125,57.6,1.7
 Santa Fe,2016,16495,Semi-Auto,47077,Diesel,235,42.8,2.2
 Tucson,2018,15995,Automatic,32250,Diesel,145,47.1,2.0
 Tucson,2016,12295,Manual,26452,Diesel,30,61.7,1.7
 Tucson,2018,17295,Semi-Auto,40404,Diesel,145,57.6,1.7
 Tucson,2017,14295,Semi-Auto,36425,Diesel,145,57.6,1.7
 Kona,2018,14995,Manual,12407,Petrol,145,52.3,1.0
 Tucson,2017,15295,Manual,14491,Diesel,30,61.7,1.7
 I40,2016,10695,Semi-Auto,26876,Diesel,125,56.5,1.7
 Tucson,2016,12495,Manual,25224,Diesel,30,61.7,1.7
 Santa Fe,2015,14495,Semi-Auto,41900,Diesel,260,41.5,2.2
 I800,2019,20000,Automatic,804,Diesel,145,31.7,2.5
 Tucson,2017,13000,Manual,12023,Diesel,30,61.7,1.7
 Tucson,2017,14000,Semi-Auto,15948,Diesel,125,57.6,1.7
 Tucson,2017,14195,Manual,11428,Diesel,30,61.7,1.7
 Veloster,2013,6495,Manual,46436,Petrol,160,43.5,1.6
 Tucson,2020,25995,Manual,3850,Hybrid,145,48.7,1.6
 I20,2019,10395,Manual,14600,Petrol,145,46.3,1.2
 Ioniq,2017,14795,Automatic,31490,Hybrid,0,78.5,1.6
 Tucson,2016,10695,Manual,66216,Diesel,30,61.7,1.7
 Ioniq,2019,16695,Semi-Auto,11311,Hybrid,135,78.5,1.6
 Kona,2019,14495,Manual,14000,Petrol,145,44.1,1.0
 Ioniq,2019,16995,Automatic,8809,Hybrid,135,78.5,1.6
 Ioniq,2018,15695,Automatic,20000,Hybrid,135,78.5,1.6
 Tucson,2019,17995,Manual,11341,Petrol,145,34.9,1.6
 Ioniq,2020,21695,Automatic,3000,Hybrid,135,62.8,1.6
 Tucson,2017,12895,Manual,41157,Diesel,30,61.7,1.7
 Ioniq,2019,17495,Automatic,14368,Hybrid,135,78.5,1.6
 Tucson,2019,17995,Manual,18241,Diesel,145,48.7,1.6
 Tucson,2019,21995,Semi-Auto,5874,Petrol,145,36.2,1.6
 I30,2020,16995,Manual,4000,Petrol,145,41.5,1.4
 I10,2020,11895,Manual,1000,Petrol,145,56.5,1.0
 I30,2019,15995,Manual,4000,Diesel,145,60.1,1.6
 I10,2020,12995,Manual,4550,Petrol,145,51.4,1.2
 Tucson,2018,16495,Semi-Auto,33500,Diesel,145,57.7,1.7
 Tucson,2017,12995,Manual,18235,Diesel,30,61.7,1.7
 I10,2014,5450,Manual,42346,Petrol,20,60.1,1.0
 Tucson,2018,16495,Semi-Auto,33500,Diesel,145,57.7,1.7
 Tucson,2017,12995,Manual,18235,Diesel,30,61.7,1.7
 I10,2018,7985,Manual,7594,Petrol,145,60.1,1.0
 Santa Fe,2018,21995,Semi-Auto,17189,Diesel,145,42.8,2.2
 Ioniq,2017,14385,Semi-Auto,46899,Hybrid,0,78.5,1.6
 Santa Fe,2018,20995,Semi-Auto,35887,Diesel,145,42.8,2.2
 I30,2018,11495,Manual,25289,Diesel,145,74.3,1.6
 Tucson,2016,11495,Manual,15800,Diesel,30,61.7,1.7
 I40,2015,9995,Manual,39779,Diesel,30,65.7,1.7
 Tucson,2016,13495,Manual,21225,Diesel,30,61.7,1.7
 IX35,2014,6995,Manual,64021,Diesel,145,53.3,1.7
 Tucson,2017,13490,Semi-Auto,35776,Diesel,125,57.6,1.7
 Tucson,2016,11990,Manual,68773,Diesel,145,54.3,2.0
 Tucson,2018,13690,Manual,18000,Petrol,145,44.8,1.6
 I40,2014,6490,Manual,59200,Diesel,30,65.7,1.7
 I30,2017,9990,Manual,49035,Diesel,145,74.3,1.6
 Santa Fe,2017,18295,Manual,22531,Diesel,200,47.1,2.2
 Tucson,2016,11295,Manual,40800,Diesel,30,61.7,1.7
 Santa Fe,2017,19995,Manual,28845,Diesel,200,47.1,2.2
 Tucson,2017,14495,Semi-Auto,41684,Diesel,125,57.6,1.7
 Tucson,2017,13995,Manual,47840,Diesel,30,61.7,1.7
 Tucson,2020,26995,Manual,3000,Hybrid,145,47.9,1.6
 Tucson,2017,18495,Automatic,35753,Diesel,200,47.1,2.0
 Tucson,2017,14995,Manual,31013,Diesel,30,61.4,1.7
 Tucson,2017,17695,Semi-Auto,35793,Diesel,125,57.6,1.7
 I20,2020,12995,Manual,3000,Petrol,145,46.3,1.2
 Tucson,2017,12995,Manual,36681,Diesel,30,61.7,1.7
 Tucson,2019,15498,Manual,12230,Petrol,150,34.9,1.6
 Tucson,2019,15498,Manual,15308,Petrol,150,34.9,1.6
 Tucson,2019,15498,Manual,11024,Petrol,150,34.9,1.6
 Tucson,2018,15295,Manual,16662,Petrol,145,34.9,1.6
 I10,2017,6995,Manual,29671,Petrol,145,57.7,1.2
 I10,2018,7495,Manual,7766,Petrol,145,60.1,1.0
 I10,2017,6795,Manual,34871,Petrol,145,57.7,1.2
 Tucson,2017,15495,Semi-Auto,19990,Diesel,125,57.6,1.7
 I10,2018,8995,Manual,2442,Petrol,145,57.7,1.2
 Santa Fe,2016,15995,Manual,32696,Diesel,200,46.3,2.2
 Tucson,2019,26995,Semi-Auto,12,Diesel,145,46.3,1.6
 Tucson,2017,13895,Manual,17849,Diesel,30,61.7,1.7
 Tucson,2017,14995,Semi-Auto,13061,Diesel,125,57.6,1.7
 I30,2019,13595,Manual,15000,Petrol,145,41.5,1.4
 Tucson,2019,25495,Semi-Auto,4,Diesel,145,47.1,1.6
 I40,2019,15495,Manual,12000,Diesel,145,54.3,1.6
 I800,2018,16895,Manual,22756,Diesel,145,31.7,2.5
 Tucson,2019,16395,Manual,5338,Petrol,145,34.9,1.6
 Tucson,2019,16095,Manual,6214,Petrol,145,34.9,1.6
 Ioniq,2018,17195,Automatic,17534,Hybrid,135,78.5,1.6
 Tucson,2019,16595,Manual,2860,Petrol,145,34.9,1.6
 I30,2019,22395,Manual,2144,Petrol,145,34.0,2.0
 I40,2015,7480,Manual,41050,Diesel,30,65.7,1.7
 Tucson,2017,15700,Manual,38300,Diesel,145,58.9,2.0
 I10,2020,12500,Manual,371,Petrol,150,56.5,1.0
 Ioniq,2018,17995,Automatic,9531,Hybrid,135,78.5,1.6
 Tucson,2016,14495,Semi-Auto,29856,Diesel,125,57.6,1.7
 I20,2015,5995,Manual,61219,Petrol,30,55.4,1.2
 I30,2016,7995,Manual,51919,Diesel,0,78.4,1.6
 Tucson,2016,12698,Manual,27509,Diesel,30,61.7,1.7
 I30,2018,10498,Manual,17070,Petrol,145,56.5,1.0
 I10,2014,5212,Manual,54681,Petrol,30,57.6,1.2
 I10,2017,6760,Manual,16403,Petrol,20,60.1,1.0
 I20,2015,7390,Manual,28300,Petrol,125,51.4,1.4
 Tucson,2019,18495,Semi-Auto,16375,Petrol,145,36.2,1.6
 I20,2015,7995,Automatic,34712,Petrol,160,42.2,1.4
 I30,2019,15995,Manual,5636,Diesel,145,58.9,1.6
 Santa Fe,2019,31995,Automatic,9800,Diesel,145,39.8,2.2
 Tucson,2017,14498,Manual,21776,Diesel,145,61.7,1.7
 Tucson,2017,13298,Manual,33771,Diesel,150,61.7,1.7
 Tucson,2016,12480,Manual,25865,Diesel,30,61.7,1.7
 I800,2016,13710,Automatic,27802,Diesel,325,33.6,2.5
 Santa Fe,2016,17650,Automatic,26294,Diesel,235,42.8,2.2
 I10,2017,6750,Manual,37972,Petrol,145,57.7,1.2
 Tucson,2016,10985,Manual,60996,Diesel,30,61.7,1.7
 I10,2018,7485,Manual,18385,Petrol,145,60.1,1.0
 I10,2018,7485,Manual,9832,Petrol,145,60.1,1.0
 I10,2018,7185,Manual,20189,Petrol,145,60.1,1.0
 Tucson,2017,13995,Manual,23558,Diesel,145,61.7,1.7
 Kona,2019,14985,Manual,7896,Petrol,145,44.1,1.0
 Kona,2019,14485,Manual,17976,Petrol,145,44.1,1.0
 Ioniq,2019,17195,Automatic,6437,Hybrid,135,78.5,1.6
 Tucson,2016,10995,Manual,49018,Diesel,30,61.7,1.7
 I10,2018,6985,Manual,22524,Petrol,145,60.1,1.0
 I10,2018,7685,Manual,8043,Petrol,145,60.1,1.0
 I10,2018,7985,Manual,5406,Petrol,145,60.1,1.0
 I10,2017,7498,Manual,24014,Petrol,145,60.1,1.0
 I20,2014,5998,Manual,17641,Petrol,30,57.6,1.2
 I10,2017,8498,Manual,5676,Petrol,30,57.7,1.2
 I40,2017,11485,Manual,33067,Diesel,145,65.7,1.7
 Kona,2018,11985,Manual,13878,Petrol,145,54.3,1.0
 Kona,2019,14785,Manual,15113,Petrol,145,44.1,1.0
 Kona,2019,14985,Manual,11372,Petrol,145,44.1,1.0
 Kona,2019,13485,Manual,17815,Petrol,145,44.1,1.0
 Kona,2019,14985,Manual,17868,Petrol,145,44.1,1.0
 I30,2020,22895,Manual,3811,Petrol,145,34.0,2.0
 Ioniq,2020,23895,Automatic,4152,Hybrid,135,1.1,1.6
 I40,2016,10695,Semi-Auto,27000,Diesel,125,56.5,1.7
 Santa Fe,2017,19495,Semi-Auto,17354,Diesel,240,42.8,2.2
 I10,2017,7495,Manual,17500,Petrol,20,60.1,1.0
 I30,2016,8595,Manual,44534,Diesel,0,78.4,1.6
 IX20,2016,8250,Manual,15560,Petrol,125,50.4,1.4
 Tucson,2019,14995,Manual,10193,Petrol,145,34.9,1.6
 Tucson,2017,12995,Manual,12490,Petrol,160,44.8,1.6
 Ioniq,2018,14995,Automatic,15946,Hybrid,135,78.5,1.6
 I30,2017,9299,Manual,31456,Diesel,150,72.4,1.6
 Tucson,2017,15110,Semi-Auto,6173,Diesel,125,57.6,1.7
 Tucson,2017,14295,Manual,17333,Diesel,145,61.7,1.7
 I20,2014,4950,Manual,46598,Petrol,30,57.6,1.2
 I30,2017,11799,Manual,16853,Diesel,0,74.3,1.6
 I10,2017,6950,Manual,22128,Petrol,145,60.1,1.0
 I10,2016,4388,Manual,36182,Petrol,20,60.1,1.0
 I10,2017,6699,Manual,31814,Petrol,30,57.7,1.2
 Kona,2018,13485,Manual,7034,Petrol,150,52.3,1.0
 I20,2018,9285,Manual,16899,Petrol,150,58.9,1.2
 Tucson,2016,13785,Manual,10710,Diesel,30,61.7,1.7
 I10,2018,7995,Manual,3200,Petrol,145,60.1,1.0
 I40,2013,6995,Manual,50438,Diesel,30,62.8,1.7
 Tucson,2017,14798,Manual,6430,Diesel,30,61.7,1.7
 Tucson,2017,12998,Manual,8133,Diesel,30,61.7,1.7
 Ioniq,2018,16998,Automatic,6308,Hybrid,135,78.5,1.6
 Tucson,2019,15498,Manual,14577,Petrol,145,34.9,1.6
 Tucson,2019,15498,Manual,12521,Petrol,145,34.9,1.6
 Tucson,2017,14795,Manual,29800,Diesel,200,47.9,2.0
 I30,2013,5295,Manual,67762,Petrol,160,46.3,1.4
 Tucson,2018,15320,Automatic,35226,Diesel,145,47.1,2.0
 Ioniq,2019,16990,Automatic,8904,Hybrid,135,78.5,1.6
 Ioniq,2018,18490,Automatic,7443,Hybrid,135,78.5,1.6
 I40,2015,7050,Manual,68969,Diesel,20,67.3,1.7
 Tucson,2018,17591,Semi-Auto,31459,Diesel,145,57.7,1.7
 I800,2018,17680,Automatic,32543,Diesel,145,28.0,2.5
 Tucson,2017,11577,Manual,52029,Diesel,30,61.7,1.7
 I20,2016,8111,Manual,19578,Petrol,30,55.4,1.2
 Kona,2017,12710,Manual,6206,Petrol,145,52.3,1.0
 I20,2017,7010,Manual,35937,Petrol,30,58.9,1.2
 Tucson,2017,11995,Manual,60591,Diesel,30,61.7,1.7
 I40,2018,12295,Manual,30734,Diesel,145,67.3,1.7
 Ioniq,2018,15990,Automatic,13286,Hybrid,135,78.5,1.6
 Ioniq,2018,15990,Automatic,10052,Hybrid,135,78.5,1.6
 IX35,2015,8290,Manual,51000,Diesel,145,53.3,1.7
 I10,2017,9495,Manual,12455,Petrol,150,57.7,1.2
 I10,2015,5971,Manual,40883,Petrol,20,61.4,1.0
 I30,2019,13730,Manual,10100,Petrol,145,44.8,1.0
 Ioniq,2019,17990,Automatic,8972,Hybrid,135,78.5,1.6
 Tucson,2019,25110,Manual,100,Hybrid,145,51.4,1.6
 I10,2016,5870,Manual,28386,Petrol,20,61.4,1.0
 I10,2016,6130,Manual,19390,Petrol,20,60.1,1.0
 IX20,2017,9250,Manual,8449,Petrol,145,50.4,1.4
 Ioniq,2018,17750,Semi-Auto,6897,Hybrid,135,78.5,1.6
 IX35,2013,7495,Manual,31643,Diesel,145,48.7,1.7
 Tucson,2017,11995,Manual,37302,Diesel,145,61.7,1.7
 I10,2018,7695,Manual,26219,Petrol,145,57.7,1.2
 I10,2018,7695,Manual,26019,Petrol,145,57.7,1.2
 Tucson,2018,15595,Semi-Auto,30288,Diesel,145,57.6,1.7
 Tucson,2017,12395,Manual,41603,Diesel,30,61.7,1.7
 Kona,2018,14490,Manual,7375,Petrol,145,52.3,1.0
 IX20,2017,8991,Manual,27950,Petrol,125,50.4,1.4
 I10,2013,4291,Manual,22000,Petrol,20,61.4,1.2
 I30,2019,13990,Manual,6175,Petrol,145,44.8,1.0
 Ioniq,2019,23370,Automatic,5653,Hybrid,135,78.5,1.6
 Tucson,2016,12990,Manual,29508,Diesel,125,58.9,2.0
 Kona,2018,14550,Manual,6295,Petrol,145,52.3,1.0
 I20,2016,7190,Manual,35335,Petrol,30,56.5,1.2
 Tucson,2016,12491,Manual,28895,Diesel,30,61.7,1.7
 I20,2017,8691,Manual,12814,Petrol,145,58.9,1.2
 Tucson,2017,13830,Manual,30650,Diesel,145,61.4,1.7
 Tucson,2018,14900,Manual,7894,Petrol,145,34.9,1.6
 Ioniq,2018,16750,Automatic,6897,Hybrid,135,78.5,1.6
 Kona,2018,14250,Manual,14764,Petrol,145,52.3,1.0
 Kona,2018,13350,Manual,8961,Petrol,145,52.3,1.0
 Kona,2018,12910,Manual,7369,Petrol,145,52.3,1.0
 I10,2014,4970,Manual,25500,Petrol,20,60.1,1.0
 I30,2019,14030,Manual,6416,Petrol,145,44.8,1.0
 I10,2017,6610,Manual,14010,Petrol,20,60.1,1.0
 I30,2019,13600,Manual,12972,Petrol,145,44.8,1.0
 I30,2019,13970,Manual,8295,Petrol,145,44.8,1.0
 I30,2019,13910,Manual,10661,Petrol,145,44.8,1.0
 Tucson,2016,11950,Manual,49029,Diesel,30,61.7,1.7
 I20,2014,5195,Manual,40000,Petrol,30,57.6,1.2
 I10,2014,4998,Manual,46460,Petrol,20,60.1,1.0
 I30,2014,5849,Manual,46793,Diesel,0,76.3,1.6
 Tucson,2016,12698,Manual,32919,Diesel,30,61.7,1.7
 I30,2016,9298,Manual,29412,Diesel,0,78.4,1.6
 I20,2014,4498,Manual,44509,Petrol,30,57.6,1.2
 I10,2017,6297,Manual,20132,Petrol,145,60.1,1.0
 I10,2017,6950,Manual,17720,Petrol,145,57.7,1.2
 Kona,2019,14770,Manual,3702,Petrol,145,44.1,1.0
 I30,2019,15120,Manual,2112,Petrol,145,41.5,1.4
 Tucson,2019,21490,Manual,623,Petrol,145,34.9,1.6
 I10,2019,8690,Manual,2362,Petrol,145,60.1,1.0
 Ioniq,2019,16200,Automatic,7980,Hybrid,135,78.5,1.6
 Santa Fe,2017,20550,Semi-Auto,11175,Diesel,145,42.8,2.2
 I10,2019,9690,Manual,15314,Petrol,145,57.6,1.2
 I20,2017,8291,Manual,15733,Petrol,30,58.9,1.2
 Kona,2018,12377,Manual,13812,Petrol,145,52.3,1.0
 I10,2020,13495,Manual,697,Petrol,145,55.4,1.2
 I10,2020,14490,Manual,771,Petrol,145,53.3,1.0
 Ioniq,2018,16995,Automatic,28141,Hybrid,135,78.5,1.6
 I10,2019,7995,Manual,14614,Petrol,145,60.1,1.0
 I10,2018,8380,Manual,7248,Petrol,145,57.7,1.2
 Santa Fe,2016,19990,Semi-Auto,10278,Diesel,235,42.2,2.2
 Ioniq,2019,17250,Automatic,1267,Hybrid,135,78.5,1.6
 I10,2016,6391,Manual,29700,Petrol,20,61.4,1.0
 I10,2016,6310,Manual,9856,Petrol,20,61.4,1.0
 I20,2017,8291,Manual,17839,Petrol,145,58.9,1.2
 Kona,2018,13147,Manual,5971,Petrol,145,52.3,1.0
 I10,2017,7150,Manual,16617,Petrol,145,57.7,1.2
 I20,2016,7810,Manual,32442,Petrol,20,58.9,1.0
 I20,2017,8891,Manual,20259,Petrol,20,62.8,1.0
 I10,2017,6695,Manual,9121,Petrol,20,60.1,1.0
 I10,2018,7590,Manual,13799,Petrol,145,57.7,1.2
 Tucson,2019,22690,Manual,6222,Hybrid,145,48.7,1.6
 Tucson,2017,12798,Manual,41342,Diesel,30,61.7,1.7
 Tucson,2017,11998,Manual,55625,Diesel,30,61.7,1.7
 IX20,2017,9998,Automatic,20673,Petrol,150,43.5,1.6
 Tucson,2019,15495,Manual,16070,Petrol,145,34.9,1.6
 Ioniq,2018,16495,Automatic,28227,Hybrid,135,78.5,1.6
 Ioniq,2018,18495,Automatic,15192,Hybrid,135,78.5,1.6
 I10,2016,4985,Manual,49430,Petrol,20,60.1,1.0
 I10,2018,8490,Manual,182
